Dependent_Var,n,R2_A,Adj_R2_A,R2_B,Adj_R2_B,Delta_R2_B_minus_A,Fchange_nonrobust,pchange_nonrobust,Durbin_Watson_B,Shapiro_p_B,BP_LM_p_B,BP_F_p_B,Max_CooksD_B,Num_CooksD_gt_4n_B,R2_B_sensitivity,R2_with_interactions,Power_inc_HEXACO,f2_inc_HEXACO
power_harassment,353,0.16579716164448155,0.14887130695321016,0.1981572733484207,0.16740814223788814,0.032360111703939154,2.2801807019034372,0.035869424667074275,1.9468693772401615,2.139518204558097e-14,0.000122380263612025,7.104445374331582e-05,0.05849315386392171,23,0.22083573334307005,0.2180853141818636,0.8028353982884199,0.040357180564662566
gender_harassment,353,0.1165543720034683,0.09862938824701695,0.21282949951980135,0.18264302015035416,0.09627512751633305,6.910249687144682,6.129044312203199e-07,1.8394972676909143,6.301407890153946e-09,3.530231491874465e-06,1.2861718930289658e-06,0.04335731357012008,15,0.2028914184409628,0.2185761266788666,0.9996829212745284,0.12230530419725105
