Dependent_Var,n,R2,Adj_R2,F_stat,F_p,AIC,BIC,Durbin_Watson,Shapiro_p,BP_LM_p,BP_F_p,Max_CooksD,Num_CooksD_gt_4n
Machiavellianism,353,0.20682334058419516,0.16407729307076846,6.101843614067496,7.290356656821455e-13,957.9772184998458,1031.4401115815783,2.068352702035308,0.0009166422631685086,0.48691938868296436,0.4946078895851095,0.05130731924802938,19
Narcissism,353,0.47291293117597477,0.4445070412393506,16.548038005483374,2.757620878283849e-36,813.7131010222935,887.1759941040261,1.9848337245329724,0.9871356750966814,0.010162108331080024,0.008340735934387273,0.07678799953774558,29
Psychopathy,353,0.31175472023113504,0.2746636572495794,9.869300536437235,5.02030468803091e-22,907.886276810462,981.3491698921947,2.007065366480201,0.6184065476921172,0.06104121194120376,0.05725461879634647,0.06894248025798305,20
gender_harassment,354,0.16331935100144923,0.11836337583137779,3.595205425619637,1.6654530417571261e-06,979.4857419142935,1053.0023832638353,1.8270788855604652,4.56242236568829e-10,0.00014905430506672524,7.568562730896991e-05,0.027515629799025873,13
power_harassment,354,0.13252186081419115,0.08591109512659534,2.9622260797564115,6.0358435272693574e-05,992.2820830972914,1065.7987244468331,1.8887326435559442,1.1069375989249387e-17,0.19888010267341785,0.19772904133727814,0.07085460936383359,23
