Trait,Shapiro_W,p_value
Honesty-Humility,0.9906888325573726,8.26651700387581e-29
Emotionality,0.9863046618091569,4.312371902170941e-34
Extraversion,0.9825777814427428,1.2661072874744128e-37
Agreeableness,0.9952485187722536,1.025620680599143e-20
Conscientiousness,0.9896845925958785,3.635792288708959e-30
Openness,0.969661943597445,1.8573004266867956e-46
