,Honesty-Humility,Emotionality,Extraversion,Agreeableness,Conscientiousness,Openness
Honesty-Humility,0.0,1.0182642091489596e-06,2.370894093061281e-165,1.3693146919157262e-97,7.889362354182083e-104,1.4411497855890958e-11
Emotionality,1.0182642091489596e-06,0.0,1.4829160306651305e-124,2.1273605622326885e-34,4.480081945284935e-37,0.005079165547053278
Extraversion,2.370894093061551e-165,1.4829160306649617e-124,0.0,1.9845351219218938e-06,2.651274399524765e-07,9.328062184576954e-24
Agreeableness,1.3693146919158824e-97,2.1273605622326885e-34,1.9845351219218938e-06,0.0,1.7650116682997793e-10,2.865829479936777e-17
Conscientiousness,7.889362354181858e-104,4.480081945284935e-37,2.651274399524765e-07,1.7650116682997793e-10,0.0,1.8846508545256492e-94
Openness,1.4411497855890958e-11,0.005079165547053287,9.328062184576819e-24,2.865829479936756e-17,1.8846508545257562e-94,0.0
