,Honesty-Humility,Emotionality,Extraversion,Agreeableness,Conscientiousness,Openness
Honesty-Humility,,0.05838264837368187,-0.2144507646373741,0.19441067129440062,0.19995453232790059,0.07536131407681393
Emotionality,0.05838264837368188,,-0.18419463730637162,0.1220114710243553,0.12484897336848881,0.04161698267694136
Extraversion,-0.2144507646373741,-0.18419463730637162,,0.0580894569178694,-0.0273249366205024,0.10285992430988324
Agreeableness,0.19441067129440062,0.1220114710243553,0.0580894569178694,,-0.03729775249088364,0.08921344281552723
Conscientiousness,0.19995453232790056,0.1248489733684888,-0.0273249366205024,-0.037297752490883636,,0.19124392826750677
Openness,0.07536131407681392,0.04161698267694136,0.10285992430988325,0.08921344281552723,0.19124392826750675,
