,Honesty-Humility,Emotionality,Extraversion,Agreeableness,Conscientiousness,Openness
Honesty-Humility,1.0,0.04179606006128368,-0.23125015412252392,0.17790954650155924,0.18352470383277758,0.05772542422434563
Emotionality,0.04179606006128368,1.0,-0.20098278282209187,0.10434122894435363,0.10850450944393931,0.023965598826864828
Extraversion,-0.2312501541225239,-0.2009827828220919,1.0,0.04065907402437468,-0.04400525650846669,0.08579985119037666
Agreeableness,0.1779095465015592,0.10434122894435363,0.04065907402437468,1.0,-0.054540503241229984,0.07220622370331875
Conscientiousness,0.1835247038327776,0.10850450944393931,-0.04400525650846669,-0.054540503241229984,1.0,0.17501249153898701
Openness,0.05772542422434563,0.023965598826864824,0.08579985119037667,0.07220622370331876,0.175012491538987,1.0
