,Honesty-Humility,Emotionality,Extraversion,Agreeableness,Conscientiousness,Openness
Honesty-Humility,,0.024350908954804674,-0.24728435683903163,0.1617354897258303,0.16675556978990022,0.0409192684127622
Emotionality,0.024350908954804677,,-0.21683381546801073,0.0881763011033893,0.0917246346498325,0.0069874457943187845
Extraversion,-0.24728435683903163,-0.21683381546801073,,0.02367177044711345,-0.06160322026115042,0.06902005247386996
Agreeableness,0.1617354897258303,0.0881763011033893,0.023671770447113445,,-0.07143839972830361,0.05515734971068543
Conscientiousness,0.16675556978990025,0.0917246346498325,-0.06160322026115042,-0.07143839972830361,,0.15871324173463514
Openness,0.040919268412762194,0.0069874457943187845,0.06902005247386996,0.05515734971068543,0.15871324173463514,
