Variable,Female_mean,Male_mean,t,p,Cohen_d,sig
hexaco_E,3.4231818181818183,3.0917910447761194,4.0103058208032,7.706830953494425e-05,0.43404099052533107,***
hexaco_A,2.7827272727272727,3.038805970149254,-3.2207816154178057,0.0014336119337793286,-0.356431597194403,**
gender_harassment,1.604090909090909,1.8462686567164177,-3.023101098566728,0.002778574287364533,-0.34928539355578037,**
hexaco_HH,3.191818181818182,3.3395522388059695,-2.2932436517727974,0.0225837414845856,-0.25249236994187896,*
Machiavellianism,3.6395454545454546,3.4714285714285715,2.267587289069614,0.02420467173853476,0.2570859410461517,*
